id;title;size;mime_type;car_id
1;Consultant Granite;82491;Orchestrator Triple-buffered action-items;1
2;Small Fresh Ball;42158;maximize Ranch Borders;2
3;green dot-com Graphic Interface;86169;Incredible Granite Car;3
4;Principal;62529;Practical Frozen Car;4
5;grey Palladium Licensed;25933;orchid Baby Global;5
6;Computer copying disintermediate;5551;Salad payment Throughway;6
7;Investment Account;45160;COM;7
8;generating Awesome Rubber Table Track;66384;Danish Krone Integrated port;8
9;Fish wireless Ball;26520;indigo;9
10;seize Ergonomic Concrete Fish;89249;strategic plug-and-play database;10
